,Month,region_type,Hour,GHI,Temperature,Pressure,Dew Point,Relative Humidity,Wind Speed
0,1,city,0,0.0,12.097419354838712,777.8387096774194,12.678064516129034,97.44058064516129,0.761290322580645
1,1,city,1,0.0,11.793548387096772,777.741935483871,12.41290322580645,97.89806451612904,0.7709677419354839
2,1,city,2,0.0,11.56258064516129,777.6903225806452,12.201290322580645,97.76922580645159,0.7780645161290323
3,1,city,3,0.0,11.31741935483871,777.7290322580645,11.936774193548388,97.8245806451613,0.7999999999999998
4,1,city,4,0.0,11.149032258064517,777.825806451613,11.736129032258065,97.68896774193544,0.8096774193548387
5,1,city,5,0.0,11.185161290322583,777.9225806451612,11.617419354838711,96.8558064516129,0.8858064516129035
6,1,city,6,38.05806451612903,12.562580645161288,778.0774193548388,12.13032258064516,91.80529032258066,1.3122580645161295
7,1,city,7,234.70322580645163,14.594838709677427,778.1935483870968,12.67483870967742,83.65619354838711,1.73741935483871
8,1,city,8,437.89677419354837,16.49870967741935,778.2387096774194,12.602580645161291,74.17187096774195,1.7122580645161296
9,1,city,9,603.4903225806452,17.936774193548388,778.1935483870968,12.5341935483871,67.68212903225806,1.5103225806451612
10,1,city,10,712.8516129032258,19.005806451612912,778.0774193548388,12.665806451612902,63.7476129032258,1.3819354838709677
11,1,city,11,778.3677419354839,19.821935483870963,777.916129032258,12.829677419354836,61.3090967741935,1.3548387096774188
12,1,city,12,688.2,20.23096774193548,777.7612903225806,13.008387096774197,60.73567741935484,1.3864516129032256
13,1,city,13,630.8322580645162,19.927096774193554,777.6129032258065,13.145806451612904,62.25012903225808,1.403870967741936
14,1,city,14,491.69032258064516,19.181935483870962,777.516129032258,13.209677419354836,65.5489032258065,1.3490322580645158
15,1,city,15,369.258064516129,18.230967741935483,777.516129032258,13.28258064516129,70.12406451612902,1.2006451612903226
16,1,city,16,213.40645161290323,16.948387096774194,777.5806451612904,13.593548387096774,77.11245161290321,0.890967741935484
17,1,city,17,60.47096774193548,15.353548387096776,777.6903225806452,14.393548387096768,89.12096774193552,0.6283870967741939
18,1,city,18,0.0,14.456129032258067,777.7483870967742,14.250967741935485,93.04122580645162,0.6096774193548387
19,1,city,19,0.0,13.891612903225806,777.9483870967742,13.975483870967741,94.91632258064513,0.6935483870967744
20,1,city,20,0.0,13.335483870967742,778.0258064516129,13.716129032258067,95.98509677419356,0.750967741935484
21,1,city,21,0.0,13.023870967741935,778.0451612903225,13.462580645161287,96.84748387096774,0.7651612903225806
22,1,city,22,0.0,12.654838709677419,778.0193548387097,13.19032258064516,97.13225806451615,0.7606451612903222
23,1,city,23,0.0,12.359354838709677,777.941935483871,12.952903225806452,97.18535483870967,0.7554838709677418
24,1,north,0,0.0,11.36967741935484,768.2258064516129,12.453548387096776,96.94625806451612,0.6283870967741936
25,1,north,1,0.0,11.088387096774191,768.1096774193549,12.236774193548385,96.9914193548387,0.6419354838709679
26,1,north,2,0.0,10.825161290322582,768.0709677419355,12.005806451612903,97.17096774193546,0.6658064516129033
27,1,north,3,0.0,10.617419354838717,768.083870967742,11.752903225806458,97.03993548387093,0.6825806451612907
28,1,north,4,0.0,10.370967741935486,768.1677419354838,11.53225806451613,96.94858064516131,0.6909677419354842
29,1,north,5,0.0,10.412258064516129,768.2903225806451,11.412258064516129,95.93309677419353,0.761935483870968
30,1,north,6,35.70967741935484,11.842580645161295,768.4322580645161,11.873548387096777,90.87793548387098,1.093548387096774
31,1,north,7,228.0,13.874838709677416,768.5419354838709,12.419999999999996,82.82722580645162,1.389032258064516
32,1,north,8,439.03225806451616,15.736129032258061,768.6,12.453548387096776,73.54903225806453,1.3270967741935475
33,1,north,9,619.7161290322581,17.245161290322585,768.5483870967741,12.301935483870965,66.93232258064512,1.2019354838709677
34,1,north,10,725.7935483870967,18.321290322580648,768.4258064516129,12.400645161290317,63.00045161290326,1.218064516129032
35,1,north,11,769.7290322580645,19.187741935483878,768.2645161290322,12.561290322580644,60.54251612903228,1.3116129032258068
36,1,north,12,734.4645161290323,19.58258064516129,768.0967741935484,12.754193548387097,59.897935483870995,1.4129032258064513
37,1,north,13,664.5548387096774,19.296129032258065,767.9677419354839,12.858064516129033,61.27070967741935,1.469032258064516
38,1,north,14,541.9096774193548,18.564516129032256,767.8064516129032,12.88193548387097,64.71051612903227,1.4677419354838714
39,1,north,15,380.5032258064516,17.59032258064516,767.8645161290323,13.023870967741935,69.26548387096771,1.3458064516129027
40,1,north,16,221.90322580645162,16.325806451612905,767.9225806451612,13.308387096774192,76.14754838709678,1.0245161290322575
41,1,north,17,55.05806451612903,14.6916129032258,768.0451612903225,14.066451612903224,87.77883870967742,0.6696774193548388
42,1,north,18,0.0,13.6941935483871,768.0967741935484,13.970967741935487,92.0430322580645,0.5748387096774199
43,1,north,19,0.0,13.112903225806454,768.3096774193548,13.725806451612904,94.0010967741935,0.5954838709677422
44,1,north,20,0.0,12.636129032258061,768.4064516129032,13.51354838709677,95.25516129032255,0.6135483870967744
45,1,north,21,0.0,12.260000000000002,768.4129032258064,13.227741935483872,96.03593548387097,0.6212903225806454
46,1,north,22,0.0,11.938064516129034,768.4064516129032,13.009032258064519,96.43799999999999,0.6219354838709676
47,1,north,23,0.0,11.590322580645163,768.3290322580646,12.732258064516131,96.59754838709681,0.6245161290322583
48,2,city,0,0.0,12.549285714285716,777.8571428571429,13.120714285714287,97.0465,0.7435714285714288
49,2,city,1,0.0,12.306428571428572,777.8,12.827857142857143,96.9899285714286,0.742142857142857
50,2,city,2,0.0,12.116428571428575,777.7642857142857,12.65214285714286,97.17564285714289,0.7492857142857139
51,2,city,3,0.0,11.93142857142857,777.7928571428571,12.438571428571427,97.43742857142853,0.7507142857142857
52,2,city,4,0.0,11.787142857142856,777.8857142857142,12.222857142857142,97.36171428571429,0.7499999999999999
53,2,city,5,0.0,11.829285714285712,778.0142857142857,12.18642857142857,96.67014285714286,0.8507142857142861
54,2,city,6,28.978571428571428,13.200000000000003,778.1285714285714,12.683571428571433,91.80407142857143,1.3114285714285714
55,2,city,7,208.10714285714286,15.118571428571428,778.2142857142857,13.027857142857142,82.82635714285713,1.7700000000000007
56,2,city,8,407.73571428571427,17.038571428571423,778.2714285714286,12.819285714285716,72.64185714285718,1.7964285714285717
57,2,city,9,593.7857142857143,18.520714285714277,778.2428571428571,12.61357142857143,65.55542857142856,1.6342857142857148
58,2,city,10,721.4928571428571,19.61214285714286,778.1428571428571,12.686428571428571,61.54199999999998,1.521428571428572
59,2,city,11,682.85,20.47142857142858,777.9714285714285,12.809285714285714,59.09878571428571,1.5000000000000004
60,2,city,12,623.8642857142858,20.842142857142854,777.8,12.934999999999997,58.32907142857146,1.5099999999999991
61,2,city,13,578.7857142857143,20.48071428571429,777.6857142857143,13.042857142857143,59.72271428571429,1.4842857142857144
62,2,city,14,503.34285714285716,19.767142857142854,777.5928571428572,13.07642857142857,62.81185714285714,1.4114285714285715
63,2,city,15,352.95,18.77642857142856,777.5928571428572,13.097857142857139,67.08814285714284,1.2678571428571426
64,2,city,16,219.17142857142858,17.52642857142857,777.6714285714286,13.46714285714286,73.78285714285714,0.998571428571428
65,2,city,17,71.45714285714286,15.916428571428574,777.7928571428571,14.364285714285714,85.97207142857148,0.7671428571428576
66,2,city,18,0.0,15.007857142857146,777.8357142857143,14.527857142857142,91.97421428571428,0.7578571428571428
67,2,city,19,0.0,14.394285714285713,778.0214285714286,14.315714285714284,94.06628571428568,0.8285714285714288
68,2,city,20,0.0,13.889285714285718,778.1,14.11071428571429,95.31092857142855,0.8492857142857145
69,2,city,21,0.0,13.515714285714282,778.1,13.872857142857137,95.90742857142857,0.8357142857142854
70,2,city,22,0.0,13.23,778.0642857142857,13.601428571428572,96.39007142857142,0.8021428571428573
71,2,city,23,0.0,12.916428571428572,777.9857142857143,13.337857142857143,96.81071428571424,0.7642857142857146
72,2,north,0,0.0,11.864285714285716,768.2357142857143,12.87857142857143,96.48928571428573,0.63
73,2,north,1,0.0,11.571428571428573,768.1571428571428,12.62857142857143,96.5049285714286,0.6242857142857144
74,2,north,2,0.0,11.346428571428572,768.1357142857142,12.439285714285715,96.56464285714287,0.6314285714285713
75,2,north,3,0.0,11.167857142857144,768.15,12.210714285714287,96.67221428571432,0.6292857142857143
76,2,north,4,0.0,10.997142857142855,768.25,12.039999999999997,96.78157142857143,0.6271428571428571
77,2,north,5,0.0,11.044999999999998,768.3714285714286,11.973571428571427,96.00150000000004,0.7264285714285711
78,2,north,6,27.914285714285715,12.410714285714286,768.4857142857143,12.462857142857143,90.95557142857145,1.117142857142857
79,2,north,7,202.38571428571427,14.362857142857141,768.5714285714286,12.819285714285712,82.4328571428571,1.4657142857142855
80,2,north,8,424.73571428571427,16.336428571428574,768.6428571428571,12.627857142857145,72.04507142857143,1.4357142857142857
81,2,north,9,601.5785714285714,17.824285714285708,768.6071428571429,12.426428571428572,64.8184285714286,1.299285714285714
82,2,north,10,705.1142857142858,18.967857142857138,768.5,12.44071428571429,60.67464285714285,1.2857142857142856
83,2,north,11,696.7428571428571,19.863571428571436,768.35,12.557142857142857,58.18007142857141,1.387142857142857
84,2,north,12,685.4,20.137142857142862,768.0928571428572,12.688571428571429,57.429,1.494285714285714
85,2,north,13,626.7142857142857,19.83571428571429,767.75,12.801428571428572,58.87742857142856,1.5371428571428574
86,2,north,14,546.5142857142857,19.107857142857128,767.5142857142857,12.85857142857143,61.91100000000002,1.506428571428572
87,2,north,15,392.85714285714283,18.11428571428571,767.5928571428572,12.951428571428568,66.11835714285716,1.3899999999999995
88,2,north,16,230.22857142857143,16.856428571428577,767.7428571428571,13.18357142857143,72.74492857142855,1.0821428571428573
89,2,north,17,77.93571428571428,15.220714285714287,768.0857142857143,14.156428571428567,85.00807142857145,0.7371428571428571
90,2,north,18,0.0,14.279285714285711,768.2142857142857,14.328571428571426,91.20657142857142,0.6478571428571427
91,2,north,19,0.0,13.617857142857144,768.3785714285714,14.132142857142858,93.26121428571427,0.6699999999999997
92,2,north,20,0.0,13.207857142857144,768.45,13.900714285714287,94.50650000000002,0.674285714285714
93,2,north,21,0.0,12.773571428571433,768.4785714285714,13.587857142857148,95.23928571428571,0.6685714285714285
94,2,north,22,0.0,12.474285714285715,768.4357142857143,13.352857142857143,95.70578571428575,0.6542857142857141
95,2,north,23,0.0,12.15357142857143,768.3357142857143,13.146428571428572,95.96335714285715,0.6378571428571426
96,3,city,0,0.0,13.054193548387099,777.8451612903226,13.783225806451616,98.1781290322581,0.6896774193548387
97,3,city,1,0.0,12.790322580645158,777.7483870967742,13.570967741935481,98.33103225806452,0.6812903225806456
98,3,city,2,0.0,12.589032258064515,777.7354838709678,13.337419354838705,98.31645161290325,0.6890322580645162
99,3,city,3,0.0,12.396129032258063,777.741935483871,13.157419354838709,98.11354838709677,0.6967741935483872
100,3,city,4,0.0,12.220645161290323,777.8,12.949677419354838,97.78464516129033,0.6987096774193547
101,3,city,5,0.0,12.28193548387097,777.9225806451612,12.88193548387097,96.94722580645163,0.789677419354839
102,3,city,6,42.42580645161291,13.482580645161292,778.0129032258064,13.384516129032258,93.43716129032255,1.169677419354839
103,3,city,7,212.2,15.24387096774193,778.1483870967742,13.717419354838702,85.80335483870971,1.530322580645161
104,3,city,8,401.9548387096774,16.987096774193557,778.1935483870968,13.561935483870966,76.75735483870972,1.5206451612903231
105,3,city,9,565.8387096774194,18.360645161290325,778.1935483870968,13.416129032258064,69.60096774193546,1.3729032258064513
106,3,city,10,656.8322580645162,19.36064516129032,778.0709677419355,13.41935483870968,65.45625806451612,1.283225806451613
107,3,city,11,639.0129032258064,20.115483870967743,777.9354838709677,13.529677419354835,63.05554838709683,1.2761290322580645
108,3,city,12,578.5419354838709,20.395483870967745,777.7806451612903,13.654838709677417,62.69696774193545,1.3180645161290319
109,3,city,13,537.0322580645161,20.059354838709687,777.6322580645161,13.749677419354837,64.48387096774196,1.3393548387096768
110,3,city,14,449.5290322580645,19.349032258064515,777.5483870967741,13.845806451612896,67.63858064516127,1.3012903225806447
111,3,city,15,313.85806451612905,18.421290322580646,777.5354838709677,13.975483870967741,72.09729032258063,1.1703225806451611
112,3,city,16,191.4,17.272258064516127,777.5935483870968,14.329677419354837,78.9027741935484,0.8993548387096778
113,3,city,17,61.619354838709675,15.863870967741939,777.7161290322581,15.061935483870974,89.97787096774196,0.6470967741935483
114,3,city,18,0.0,15.178064516129034,777.7548387096774,15.244516129032261,94.46909677419356,0.6096774193548383
115,3,city,19,0.0,14.65612903225807,777.9225806451612,15.067741935483873,96.425935483871,0.6896774193548388
116,3,city,20,0.0,14.254193548387091,778.0193548387097,14.828387096774188,97.38883870967739,0.7258064516129031
117,3,city,21,0.0,13.881290322580648,778.0516129032258,14.578064516129034,97.82025806451615,0.7380645161290321
118,3,city,22,0.0,13.564516129032254,778.0258064516129,14.331612903225803,98.03741935483873,0.7309677419354835
119,3,city,23,0.0,13.25935483870968,777.941935483871,14.06580645161291,98.3158709677419,0.7109677419354836
120,3,north,0,0.0,12.306451612903226,768.2,13.583870967741932,97.69309677419356,0.554193548387097
121,3,north,1,0.0,12.065806451612906,768.1096774193549,13.298064516129031,97.62135483870968,0.5503225806451614
122,3,north,2,0.0,11.87161290322581,768.0774193548388,13.065161290322584,97.60380645161291,0.5722580645161292
123,3,north,3,0.0,11.658709677419358,768.0451612903225,12.91677419354839,97.46251612903228,0.575483870967742
124,3,north,4,0.0,11.449032258064513,768.1677419354838,12.694193548387092,97.0788387096774,0.5741935483870967
125,3,north,5,0.0,11.52,768.2967741935483,12.636129032258063,96.18451612903232,0.6535483870967739
126,3,north,6,39.78064516129032,12.735483870967744,768.3870967741935,13.17677419354839,92.69458064516128,0.9703225806451612
127,3,north,7,218.41290322580645,14.517419354838703,768.4903225806452,13.550967741935482,85.2535483870968,1.2516129032258063
128,3,north,8,405.50967741935483,16.249032258064517,768.5548387096774,13.408387096774188,76.35187096774196,1.2438709677419353
129,3,north,9,583.2838709677419,17.613548387096774,768.5290322580645,13.143870967741936,68.81761290322581,1.174838709677419
130,3,north,10,643.3806451612903,18.679999999999996,768.4580645161291,13.163870967741934,64.5156129032258,1.2103225806451614
131,3,north,11,630.8516129032258,19.483870967741936,768.2774193548387,13.278709677419357,62.1074193548387,1.3335483870967741
132,3,north,12,613.2774193548387,19.74645161290322,768.1096774193549,13.37096774193548,61.59,1.4483870967741928
133,3,north,13,545.8129032258065,19.407096774193555,767.8516129032258,13.451612903225806,63.16780645161288,1.512903225806451
134,3,north,14,464.458064516129,18.709677419354833,767.4580645161291,13.579999999999998,66.51619354838708,1.488387096774193
135,3,north,15,344.40645161290325,17.759999999999998,767.3806451612903,13.719999999999997,71.09103225806453,1.3561290322580644
136,3,north,16,212.4,16.594193548387096,767.7548387096774,14.044516129032264,77.92709677419352,1.025161290322581
137,3,north,17,62.92903225806452,15.235483870967748,768.0709677419355,14.83741935483871,88.87787096774193,0.6761290322580645
138,3,north,18,0.0,14.462580645161294,768.1290322580645,15.025806451612906,93.79709677419356,0.5503225806451616
139,3,north,19,0.0,13.89806451612903,768.3032258064516,14.794838709677421,95.52470967741934,0.5819354838709678
140,3,north,20,0.0,13.523870967741932,768.3870967741935,14.569032258064512,96.62645161290321,0.6051612903225805
141,3,north,21,0.0,13.143225806451612,768.4129032258064,14.343225806451617,97.18516129032258,0.6083870967741937
142,3,north,22,0.0,12.825806451612904,768.3935483870968,14.051612903225806,97.52167741935484,0.5987096774193548
143,3,north,23,0.0,12.580000000000002,768.2967741935483,13.80580645161291,97.50232258064516,0.5780645161290322
144,4,city,0,0.0,12.755333333333331,778.02,13.608666666666664,98.86066666666663,0.7013333333333334
145,4,city,1,0.0,12.479333333333335,777.9733333333334,13.326,98.65940000000002,0.6959999999999998
146,4,city,2,0.0,12.260000000000002,777.94,13.040000000000001,98.62499999999997,0.6993333333333333
147,4,city,3,0.0,12.121333333333336,777.9666666666667,12.81466666666667,98.24133333333334,0.6999999999999998
148,4,city,4,0.0,11.999333333333334,778.04,12.619333333333334,97.95453333333337,0.7053333333333338
149,4,city,5,0.0,12.102666666666664,778.1266666666667,12.522666666666664,96.83006666666664,0.8099999999999997
150,4,city,6,63.71333333333333,13.452,778.2333333333333,13.27,93.44440000000002,1.174666666666667
151,4,city,7,224.80666666666667,15.222666666666676,778.34,13.822000000000005,86.52579999999998,1.5119999999999998
152,4,city,8,384.8,16.84933333333333,778.4,13.862666666666668,78.82859999999998,1.5539999999999996
153,4,city,9,481.76,18.027333333333335,778.3666666666667,13.881333333333332,72.88199999999998,1.508
154,4,city,10,500.84,18.964,778.28,14.069333333333331,69.49293333333333,1.4879999999999993
155,4,city,11,533.8933333333333,19.58666666666666,778.1666666666666,14.234,67.81459999999998,1.478
156,4,city,12,525.8666666666667,19.635333333333346,778.0333333333333,14.361333333333338,68.39173333333336,1.4526666666666679
157,4,city,13,513.04,19.22200000000001,777.9,14.542666666666662,70.85313333333335,1.3866666666666667
158,4,city,14,429.23333333333335,18.558666666666667,777.8333333333334,14.655999999999997,74.38239999999999,1.2646666666666666
159,4,city,15,337.82,17.683333333333334,777.8,14.810000000000002,79.25913333333332,1.06
160,4,city,16,200.5,16.684666666666665,777.8666666666667,15.074666666666666,85.6654,0.7759999999999998
161,4,city,17,54.446666666666665,15.501333333333339,777.9133333333333,15.461333333333338,94.11233333333332,0.5053333333333333
162,4,city,18,0.0,14.845333333333338,778.0066666666667,15.392000000000007,97.306,0.4253333333333331
163,4,city,19,0.0,14.439333333333334,778.16,15.066000000000004,97.87226666666666,0.5106666666666665
164,4,city,20,0.0,14.045999999999998,778.2466666666667,14.812666666666665,98.51100000000001,0.614
165,4,city,21,0.0,13.703999999999999,778.28,14.524,98.69606666666668,0.6833333333333332
166,4,city,22,0.0,13.336000000000002,778.26,14.236000000000004,98.91700000000002,0.7053333333333334
167,4,city,23,0.0,13.040666666666665,778.18,13.894,98.71406666666665,0.7020000000000002
168,4,north,0,0.0,12.06333333333334,768.3933333333333,13.396666666666674,98.23173333333335,0.5239999999999999
169,4,north,1,0.0,11.816000000000003,768.34,13.109333333333336,98.09806666666667,0.5393333333333332
170,4,north,2,0.0,11.589999999999998,768.2866666666666,12.816666666666665,97.54493333333333,0.5613333333333337
171,4,north,3,0.0,11.362000000000002,768.3266666666667,12.595333333333334,97.28186666666664,0.5873333333333333
172,4,north,4,0.0,11.19333333333333,768.4066666666666,12.399999999999997,97.03073333333333,0.6046666666666667
173,4,north,5,0.0,11.303999999999993,768.48,12.33066666666666,95.75586666666668,0.7133333333333334
174,4,north,6,63.57333333333333,12.677999999999997,768.6266666666667,13.017999999999997,92.33493333333332,1.0166666666666664
175,4,north,7,230.88,14.501333333333335,768.6866666666666,13.575333333333331,85.46033333333338,1.2659999999999991
176,4,north,8,403.84,16.168000000000003,768.7533333333333,13.702666666666664,77.83400000000003,1.25
177,4,north,9,508.3933333333333,17.398666666666664,768.7133333333334,13.66,72.02166666666665,1.186666666666667
178,4,north,10,526.2866666666666,18.35599999999999,768.66,13.827333333333332,68.60473333333336,1.1759999999999995
179,4,north,11,515.46,18.95800000000001,768.5266666666666,14.024,66.87833333333337,1.2353333333333336
180,4,north,12,533.9533333333334,19.052666666666664,768.3733333333333,14.152666666666667,67.61286666666668,1.2979999999999996
181,4,north,13,520.8866666666667,18.602666666666675,768.2533333333333,14.280666666666669,69.62106666666669,1.318000000000001
182,4,north,14,447.47333333333336,17.916666666666664,768.1466666666666,14.387333333333327,73.33826666666664,1.2540000000000004
183,4,north,15,338.79333333333335,17.035333333333337,768.1466666666666,14.61333333333333,78.0071333333333,1.0859999999999996
184,4,north,16,198.17333333333335,15.982666666666674,768.1866666666666,14.838000000000008,84.2191333333333,0.8073333333333336
185,4,north,17,52.38666666666666,14.828000000000005,768.28,15.194666666666672,92.54353333333334,0.5126666666666665
186,4,north,18,0.0,14.196666666666669,768.3266666666667,15.170000000000005,96.25413333333333,0.38533333333333314
187,4,north,19,0.0,13.718666666666667,768.5133333333333,14.872000000000002,96.87559999999999,0.4066666666666665
188,4,north,20,0.0,13.356000000000002,768.6133333333333,14.58933333333333,97.63193333333334,0.4633333333333333
189,4,north,21,0.0,12.984000000000002,768.66,14.297333333333333,97.95760000000001,0.5046666666666668
190,4,north,22,0.0,12.690666666666667,768.6333333333333,14.010666666666669,98.00793333333336,0.5113333333333333
191,4,north,23,0.0,12.344666666666663,768.5466666666666,13.691333333333333,97.96646666666666,0.5006666666666665
192,5,city,0,0.0,12.492903225806451,778.141935483871,13.338064516129032,98.48335483870966,0.6496774193548389
193,5,city,1,0.0,12.285161290322584,778.0645161290323,13.001290322580648,98.23845161290322,0.6361290322580647
194,5,city,2,0.0,12.040645161290323,778.0258064516129,12.730967741935485,98.03632258064518,0.6548387096774195
195,5,city,3,0.0,11.850322580645159,778.0774193548388,12.521290322580642,97.88064516129035,0.6832258064516127
196,5,city,4,0.0,11.689677419354839,778.141935483871,12.28967741935484,97.74374193548388,0.7012903225806452
197,5,city,5,0.0,11.847096774193544,778.2,12.195483870967736,96.23412903225805,0.7935483870967744
198,5,city,6,84.58709677419355,13.336774193548386,778.2967741935483,13.06709677419355,93.05683870967742,1.1425806451612903
199,5,city,7,243.8774193548387,15.126451612903223,778.3870967741935,13.792903225806455,86.6301935483871,1.4432258064516124
200,5,city,8,396.71612903225804,16.62774193548388,778.4258064516129,13.893548387096773,79.81496774193548,1.4593548387096773
201,5,city,9,472.26451612903224,17.79677419354839,778.3806451612903,13.979999999999997,74.61270967741932,1.4387096774193542
202,5,city,10,522.258064516129,18.734838709677415,778.2903225806451,14.202580645161294,71.2945806451613,1.4787096774193549
203,5,city,11,559.6129032258065,19.318064516129038,778.1806451612903,14.398064516129036,69.67225806451616,1.5083870967741937
204,5,city,12,535.8387096774194,19.45032258064516,778.058064516129,14.59677419354838,70.11625806451613,1.4954838709677418
205,5,city,13,507.0516129032258,19.027096774193545,777.9225806451612,14.671612903225803,72.10496774193552,1.4380645161290333
206,5,city,14,408.43225806451613,18.362580645161287,777.8451612903226,14.781935483870972,75.76903225806447,1.2993548387096772
207,5,city,15,356.1677419354839,17.534193548387098,777.8451612903226,14.906451612903226,80.53238709677424,1.0941935483870968
208,5,city,16,201.61290322580646,16.539354838709674,777.8967741935484,15.158064516129038,86.54670967741934,0.8303225806451614
209,5,city,17,54.20645161290322,15.409677419354844,778.0,15.337419354838717,94.20296774193548,0.5619354838709676
210,5,city,18,0.0,14.689677419354837,778.0516129032258,15.321935483870966,97.49729032258064,0.4632258064516129
211,5,city,19,0.0,14.244516129032256,778.2,14.954193548387094,98.0578064516129,0.5425806451612902
212,5,city,20,0.0,13.864516129032255,778.2774193548387,14.599999999999998,98.50200000000001,0.6167741935483875
213,5,city,21,0.0,13.436129032258064,778.3096774193548,14.307096774193544,98.62470967741936,0.6612903225806456
214,5,city,22,0.0,13.120000000000005,778.2967741935483,14.00387096774194,98.58187096774192,0.6825806451612909
215,5,city,23,0.0,12.790322580645157,778.2387096774194,13.63548387096774,98.73735483870968,0.68
216,5,north,0,0.0,11.821935483870966,768.5096774193548,13.144516129032256,97.95148387096773,0.5045161290322583
217,5,north,1,0.0,11.555483870967747,768.4193548387096,12.845806451612907,97.61412903225805,0.5161290322580645
218,5,north,2,0.0,11.38516129032258,768.3870967741935,12.55290322580645,97.25361290322581,0.549032258064516
219,5,north,3,0.0,11.154193548387102,768.4,12.347741935483876,97.1083870967742,0.5780645161290325
220,5,north,4,0.0,11.003225806451614,768.5096774193548,12.112903225806452,96.94554838709679,0.5980645161290323
221,5,north,5,0.0,11.152258064516129,768.5870967741936,12.029677419354838,95.41696774193551,0.6870967741935485
222,5,north,6,81.27741935483871,12.597419354838705,768.658064516129,12.855483870967737,92.01496774193545,0.9722580645161287
223,5,north,7,247.4967741935484,14.422580645161284,768.7096774193549,13.559354838709673,85.71490322580647,1.2006451612903228
224,5,north,8,391.0838709677419,15.951612903225815,768.7612903225806,13.754838709677422,78.72374193548391,1.1858064516129032
225,5,north,9,509.4451612903226,17.10516129032258,768.7290322580645,13.770967741935486,73.46832258064516,1.174838709677419
226,5,north,10,550.7483870967742,18.041935483870965,768.658064516129,13.953548387096776,70.08670967741936,1.209677419354839
227,5,north,11,566.0,18.72322580645162,768.5225806451613,14.164516129032252,68.69651612903225,1.267741935483871
228,5,north,12,536.3612903225807,18.840000000000003,768.4,14.29354838709678,69.0130322580645,1.3070967741935495
229,5,north,13,535.4967741935484,18.402580645161294,768.2,14.45032258064516,70.99251612903225,1.3058064516129033
230,5,north,14,460.6516129032258,17.774193548387096,768.1548387096774,14.550322580645156,74.79432258064517,1.230967741935484
231,5,north,15,352.18709677419355,16.918064516129036,768.1548387096774,14.676774193548388,79.44980645161293,1.0483870967741935
232,5,north,16,194.9806451612903,15.907741935483873,768.2516129032258,14.884516129032255,85.33090322580647,0.7748387096774194
233,5,north,17,51.92258064516129,14.750322580645165,768.3354838709678,15.124516129032259,92.86896774193549,0.5038709677419353
234,5,north,18,0.0,14.049032258064512,768.4064516129032,15.074838709677419,96.5093548387097,0.37354838709677396
235,5,north,19,0.0,13.531612903225804,768.5548387096774,14.699354838709677,96.95716129032262,0.4025806451612903
236,5,north,20,0.0,13.165806451612902,768.6322580645161,14.417419354838705,97.46141935483874,0.44516129032258056
237,5,north,21,0.0,12.790967741935486,768.6838709677419,14.132903225806452,97.86632258064516,0.48774193548387074
238,5,north,22,0.0,12.418709677419358,768.6709677419354,13.792903225806455,97.8765806451613,0.5109677419354837
239,5,north,23,0.0,12.112903225806452,768.5870967741936,13.429032258064517,97.95103225806452,0.5180645161290324
240,6,city,0,0.0,11.56733333333333,778.2466666666667,12.013999999999998,96.87526666666666,0.8939999999999992
241,6,city,1,0.0,11.298000000000004,778.1666666666666,11.72466666666667,96.96586666666667,0.913333333333333
242,6,city,2,0.0,11.039333333333332,778.1466666666666,11.499333333333333,96.8374,0.9333333333333331
243,6,city,3,0.0,10.899333333333335,778.1733333333333,11.306000000000001,96.8589333333333,0.9419999999999998
244,6,city,4,0.0,10.713999999999999,778.2333333333333,11.067333333333332,96.57346666666668,0.9380000000000005
245,6,city,5,0.0,10.928000000000003,778.28,11.033333333333337,94.65159999999999,1.0313333333333337
246,6,city,6,76.56,12.653333333333336,778.3733333333333,12.142000000000003,91.21986666666663,1.4513333333333343
247,6,city,7,238.30666666666667,14.636666666666667,778.4666666666667,12.810000000000002,84.44659999999996,1.909333333333333
248,6,city,8,384.38666666666666,16.180000000000003,778.48,13.028000000000002,77.49479999999997,2.0520000000000014
249,6,city,9,466.3,17.31666666666667,778.46,13.141999999999998,72.76166666666667,2.106000000000001
250,6,city,10,547.3,18.240666666666673,778.3933333333333,13.340000000000002,69.48699999999998,2.207333333333334
251,6,city,11,547.1466666666666,18.857333333333337,778.2733333333333,13.523999999999997,67.7446,2.268000000000002
252,6,city,12,570.66,19.04866666666666,778.1533333333333,13.682666666666668,67.55433333333333,2.2373333333333325
253,6,city,13,539.38,18.750666666666667,778.0466666666666,13.759333333333334,69.25726666666671,2.1393333333333326
254,6,city,14,468.75333333333333,18.185333333333332,777.9866666666667,13.828666666666669,71.97753333333333,1.9573333333333331
255,6,city,15,358.31333333333333,17.38666666666667,777.9533333333334,13.885333333333332,76.11766666666662,1.6826666666666668
256,6,city,16,211.40666666666667,16.36866666666667,778.04,14.051333333333337,81.89213333333329,1.2960000000000005
257,6,city,17,71.64666666666666,15.012666666666664,778.12,14.533333333333333,91.34046666666669,0.8613333333333333
258,6,city,18,0.0,14.023333333333337,778.1466666666666,14.229333333333336,95.3222,0.6973333333333336
259,6,city,19,0.0,13.488666666666665,778.3266666666667,13.728666666666665,95.8002,0.769333333333334
260,6,city,20,0.0,13.016,778.4,13.402666666666667,96.43593333333332,0.8413333333333335
261,6,city,21,0.0,12.553999999999995,778.46,13.033999999999995,96.73506666666668,0.8773333333333331
262,6,city,22,0.0,12.151333333333335,778.4466666666667,12.638000000000002,96.70466666666664,0.8946666666666666
263,6,city,23,0.0,11.868666666666662,778.36,12.308666666666662,96.91046666666666,0.8986666666666664
264,6,north,0,0.0,10.96,768.6066666666667,11.826666666666668,95.79800000000002,0.7379999999999997
265,6,north,1,0.0,10.671333333333333,768.52,11.571333333333333,95.77246666666665,0.7699999999999996
266,6,north,2,0.0,10.421333333333335,768.4666666666667,11.348000000000003,95.45946666666667,0.8086666666666663
267,6,north,3,0.0,10.21733333333334,768.5066666666667,11.104000000000006,95.4511333333333,0.8366666666666663
268,6,north,4,0.0,10.063333333333333,768.58,10.896666666666667,95.35553333333333,0.8446666666666669
269,6,north,5,0.0,10.279333333333334,768.66,10.859333333333334,93.56700000000002,0.9680000000000001
270,6,north,6,72.07333333333334,11.97666666666667,768.7133333333334,11.952000000000004,89.91306666666667,1.3313333333333328
271,6,north,7,232.16,13.984666666666666,768.7933333333333,12.605333333333332,82.75220000000004,1.6400000000000003
272,6,north,8,354.68,15.62333333333333,768.8266666666667,12.801333333333332,75.93219999999998,1.6506666666666674
273,6,north,9,467.03333333333336,16.74533333333333,768.7933333333333,12.873333333333335,70.9484,1.6126666666666674
274,6,north,10,502.6533333333333,17.671999999999993,768.7133333333334,13.03333333333333,67.83820000000003,1.6340000000000008
275,6,north,11,521.64,18.334666666666667,768.6266666666667,13.271333333333333,66.13293333333334,1.630666666666666
276,6,north,12,510.32,18.557333333333336,768.48,13.379333333333333,66.0642,1.5840000000000003
277,6,north,13,489.1333333333333,18.218666666666667,768.4066666666666,13.46666666666667,67.51266666666669,1.4953333333333338
278,6,north,14,422.62666666666667,17.673333333333332,768.3133333333334,13.490666666666666,70.26613333333337,1.3499999999999999
279,6,north,15,328.34,16.836000000000006,768.3066666666666,13.632666666666667,74.34666666666666,1.134666666666667
280,6,north,16,189.79333333333332,15.81733333333333,768.3533333333334,13.792000000000002,80.00659999999998,0.8473333333333333
281,6,north,17,63.6,14.48666666666667,768.4666666666667,14.200666666666669,89.35286666666667,0.545333333333333
282,6,north,18,0.0,13.467999999999996,768.5266666666666,14.042666666666664,93.57319999999999,0.4239999999999997
283,6,north,19,0.0,12.86,768.7133333333334,13.573333333333334,94.26073333333333,0.4773333333333331
284,6,north,20,0.0,12.4,768.7666666666667,13.213333333333333,95.00786666666667,0.5680000000000001
285,6,north,21,0.0,11.998000000000001,768.8133333333334,12.858,95.58186666666664,0.6413333333333339
286,6,north,22,0.0,11.600666666666665,768.78,12.507333333333333,95.59419999999999,0.6799999999999998
287,6,north,23,0.0,11.234666666666662,768.6866666666666,12.187999999999995,95.53253333333333,0.7119999999999997
288,7,city,0,0.0,11.39483870967742,778.1806451612903,11.71741935483871,96.07696774193552,0.9483870967741939
289,7,city,1,0.0,11.121935483870963,778.1354838709677,11.438064516129028,96.3376774193549,0.9632258064516132
290,7,city,2,0.0,10.869032258064518,778.1161290322581,11.198064516129033,96.17677419354835,0.9974193548387091
291,7,city,3,0.0,10.67290322580645,778.141935483871,10.937419354838708,96.13129032258064,1.0180645161290323
292,7,city,4,0.0,10.53548387096774,778.1870967741935,10.729032258064514,95.76922580645163,1.0019354838709675
293,7,city,5,0.0,10.72258064516129,778.2451612903226,10.680645161290322,94.3607096774194,1.098709677419355
294,7,city,6,74.7483870967742,12.436129032258068,778.3225806451613,11.778709677419354,90.11567741935482,1.538064516129033
295,7,city,7,239.31612903225806,14.51161290322581,778.3870967741935,12.432903225806452,82.89400000000003,2.047096774193547
296,7,city,8,355.4967741935484,16.183870967741946,778.3935483870968,12.590322580645164,75.16812903225808,2.2580645161290325
297,7,city,9,465.76774193548385,17.40322580645161,778.3935483870968,12.62967741935484,69.68929032258067,2.3664516129032243
298,7,city,10,534.5483870967741,18.37290322580645,778.3354838709678,12.823870967741938,66.34083870967743,2.5187096774193556
299,7,city,11,571.3935483870968,19.080645161290324,778.2,12.978709677419355,64.41948387096772,2.6051612903225805
300,7,city,12,605.6193548387097,19.33483870967742,778.1096774193549,13.130322580645162,64.1401935483871,2.5909677419354833
301,7,city,13,550.5677419354839,19.069677419354832,777.9741935483871,13.165806451612903,65.3650322580645,2.4864516129032266
302,7,city,14,487.80645161290323,18.408387096774195,777.9354838709677,13.19483870967742,67.82722580645164,2.3064516129032255
303,7,city,15,386.2064516129032,17.55096774193548,777.9354838709677,13.196129032258062,71.91238709677421,2.013548387096774
304,7,city,16,246.6,16.50709677419355,777.9548387096775,13.398064516129036,77.7207741935484,1.56
305,7,city,17,87.86451612903225,15.065806451612906,778.0387096774193,14.06516129032258,88.68851612903224,1.0567741935483865
306,7,city,18,0.0,14.010967741935488,778.1225806451613,13.91354838709678,93.98045161290321,0.8490322580645164
307,7,city,19,0.0,13.394193548387094,778.2903225806451,13.439354838709674,94.88141935483873,0.8980645161290322
308,7,city,20,0.0,12.914193548387095,778.3806451612903,13.088387096774193,95.64638709677419,0.9432258064516128
309,7,city,21,0.0,12.454193548387098,778.4,12.75741935483871,96.04387096774192,0.9554838709677422
310,7,city,22,0.0,12.055483870967745,778.3806451612903,12.390967741935485,96.08877419354843,0.9432258064516132
311,7,city,23,0.0,11.722580645161292,778.3290322580646,12.045161290322582,95.97148387096776,0.9361290322580654
312,7,north,0,0.0,10.783225806451613,768.5677419354839,11.550967741935484,94.71554838709679,0.7638709677419355
313,7,north,1,0.0,10.516129032258064,768.4967741935484,11.296774193548387,94.97703225806453,0.7999999999999998
314,7,north,2,0.0,10.242580645161288,768.4774193548387,10.997419354838708,94.85754838709678,0.8477419354838704
315,7,north,3,0.0,10.030967741935484,768.5032258064516,10.779354838709677,94.6689677419355,0.8761290322580644
316,7,north,4,0.0,9.82774193548387,768.5548387096774,10.543870967741933,94.72509677419353,0.8967741935483864
317,7,north,5,0.0,10.043225806451614,768.6,10.501290322580648,93.1153548387097,1.027741935483871
318,7,north,6,64.2,11.765806451612907,768.6774193548387,11.501290322580648,88.85148387096777,1.4264516129032259
319,7,north,7,223.84516129032258,13.860645161290327,768.741935483871,12.16451612903226,81.2223870967742,1.7838709677419362
320,7,north,8,363.9161290322581,15.650967741935485,768.7741935483871,12.290967741935484,73.26948387096776,1.8470967741935485
321,7,north,9,483.5870967741935,16.937419354838713,768.7548387096774,12.318064516129036,67.9248387096774,1.8406451612903216
322,7,north,10,486.28387096774196,17.917419354838707,768.6451612903226,12.47483870967742,64.5431612903226,1.8916129032258056
323,7,north,11,537.0451612903225,18.652258064516126,768.5548387096774,12.632258064516126,62.39877419354836,1.8864516129032254
324,7,north,12,516.1677419354838,18.91225806451613,768.4193548387096,12.72451612903226,61.95374193548387,1.8148387096774183
325,7,north,13,517.3806451612903,18.623225806451618,768.3483870967742,12.803225806451614,63.14258064516133,1.6922580645161287
326,7,north,14,435.0,17.990967741935485,768.2516129032258,12.80645161290323,65.7313548387097,1.514193548387096
327,7,north,15,359.7096774193548,17.094838709677415,768.2258064516129,12.839354838709681,69.54980645161291,1.267741935483872
328,7,north,16,222.81935483870967,16.060645161290324,768.3225806451613,13.07548387096774,75.38561290322579,0.921290322580645
329,7,north,17,83.16774193548387,14.59548387096774,768.3935483870968,13.745806451612905,86.10309677419357,0.5858064516129032
330,7,north,18,0.0,13.432903225806454,768.4580645161291,13.663225806451614,91.63587096774194,0.4703225806451614
331,7,north,19,0.0,12.874193548387098,768.6322580645161,13.248387096774193,92.76083870967743,0.5367741935483871
332,7,north,20,0.0,12.354838709677422,768.741935483871,12.961290322580648,93.59664516129034,0.6141935483870967
333,7,north,21,0.0,11.91935483870968,768.7741935483871,12.603225806451615,94.46470967741935,0.6754838709677415
334,7,north,22,0.0,11.470322580645162,768.7483870967742,12.238064516129032,94.5905806451613,0.7051612903225802
335,7,north,23,0.0,11.163870967741937,768.6838709677419,11.905806451612905,94.84593548387099,0.730322580645161
336,8,city,0,0.0,11.316129032258061,778.2516129032258,11.643870967741933,96.01870967741934,0.9103225806451618
337,8,city,1,0.0,11.009677419354842,778.2064516129033,11.309677419354841,95.95109677419352,0.91741935483871
338,8,city,2,0.0,10.767741935483873,778.174193548387,11.007741935483873,95.70735483870969,0.9400000000000001
339,8,city,3,0.0,10.565806451612907,778.2,10.734193548387099,95.6833548387097,0.9574193548387099
340,8,city,4,0.0,10.333548387096778,778.2258064516129,10.572903225806456,95.5350322580645,0.9593548387096775
341,8,city,5,0.0,10.685806451612901,778.2967741935483,10.431612903225805,93.28329032258065,1.0625806451612902
342,8,city,6,67.49032258064516,12.519354838709676,778.4,11.43935483870968,87.94509677419359,1.5335483870967734
343,8,city,7,237.49032258064517,14.851612903225812,778.4774193548387,12.05161290322581,78.97561290322577,2.0083870967741935
344,8,city,8,388.60645161290324,16.780000000000005,778.5096774193548,12.140645161290324,70.42090322580644,2.1438709677419356
345,8,city,9,496.0064516129032,18.13096774193549,778.4967741935484,12.201935483870969,65.07529032258061,2.233548387096774
346,8,city,10,589.1032258064516,19.09935483870968,778.3870967741935,12.38258064516129,62.026709677419326,2.3619354838709685
347,8,city,11,575.7096774193549,19.790322580645164,778.3096774193548,12.62064516129032,60.17303225806452,2.4316129032258065
348,8,city,12,586.0774193548388,19.970967741935485,778.141935483871,12.713548387096774,60.02219354838709,2.4309677419354823
349,8,city,13,570.4516129032259,19.618709677419346,778.0,12.750322580645161,61.76425806451615,2.3774193548387084
350,8,city,14,511.3290322580645,18.901290322580643,777.9290322580645,12.794838709677423,64.38354838709681,2.2574193548387114
351,8,city,15,368.4709677419355,17.976774193548383,777.9354838709677,12.810967741935483,68.43980645161288,2.025806451612904
352,8,city,16,262.31612903225806,16.807096774193543,777.9806451612903,13.076774193548388,74.67832258064519,1.58258064516129
353,8,city,17,83.45806451612903,15.219354838709672,778.0903225806452,13.872903225806454,86.79658064516131,1.0825806451612905
354,8,city,18,0.0,14.095483870967737,778.141935483871,13.813548387096771,92.92729032258066,0.8974193548387098
355,8,city,19,0.0,13.358709677419354,778.3225806451613,13.44709677419355,94.29083870967744,0.9451612903225804
356,8,city,20,0.0,12.932903225806456,778.4451612903226,13.02903225806452,95.02741935483873,0.9599999999999999
357,8,city,21,0.0,12.419354838709678,778.4774193548387,12.689677419354839,95.61793548387097,0.9535483870967743
358,8,city,22,0.0,12.00064516129032,778.4645161290323,12.290967741935482,95.53529032258068,0.936774193548387
359,8,city,23,0.0,11.7,778.3935483870968,11.970967741935482,96.0351612903226,0.9141935483870971
360,8,north,0,0.0,10.74838709677419,768.6258064516129,11.51612903225806,94.91593548387101,0.7935483870967741
361,8,north,1,0.0,10.383870967741936,768.5806451612904,11.150322580645163,94.81135483870966,0.8206451612903224
362,8,north,2,0.0,10.102580645161291,768.483870967742,10.880645161290323,94.77774193548386,0.8638709677419352
363,8,north,3,0.0,9.904516129032254,768.5225806451613,10.59870967741935,94.56741935483873,0.8922580645161289
364,8,north,4,0.0,9.732258064516126,768.6,10.341935483870964,94.51,0.9090322580645159
365,8,north,5,0.0,9.98709677419355,768.6387096774193,10.236774193548387,92.39799999999998,1.0529032258064515
366,8,north,6,67.51612903225806,11.83741935483871,768.7290322580645,11.231612903225809,87.14761290322582,1.432258064516129
367,8,north,7,233.92903225806452,14.198064516129033,768.8322580645162,11.770967741935484,77.83793548387098,1.707741935483871
368,8,north,8,399.76774193548385,16.234838709677422,768.8516129032258,11.86516129032258,68.95787096774193,1.7012903225806455
369,8,north,9,525.2387096774194,17.576774193548392,768.8129032258065,11.84258064516129,63.52419354838706,1.6806451612903222
370,8,north,10,516.3225806451613,18.566451612903226,768.7354838709678,12.045806451612904,60.31309677419354,1.7135483870967747
371,8,north,11,520.4645161290323,19.312258064516122,768.6064516129032,12.20516129032258,58.41341935483871,1.7193548387096778
372,8,north,12,529.916129032258,19.464516129032265,768.4903225806452,12.382580645161292,58.22890322580646,1.6799999999999995
373,8,north,13,532.258064516129,19.115483870967743,768.341935483871,12.427096774193553,59.569612903225774,1.6225806451612899
374,8,north,14,467.8838709677419,18.396129032258067,768.2709677419355,12.430967741935486,62.32929032258066,1.512258064516129
375,8,north,15,353.53548387096777,17.459999999999994,768.2709677419355,12.485161290322576,66.29522580645167,1.316774193548387
376,8,north,16,230.4258064516129,16.303870967741936,768.3225806451613,12.694838709677416,72.52290322580647,0.9883870967741939
377,8,north,17,77.36774193548388,14.718709677419358,768.4322580645161,13.541290322580643,84.46541935483872,0.6587096774193542
378,8,north,18,0.0,13.552903225806453,768.5096774193548,13.610967741935482,90.77341935483871,0.5535483870967741
379,8,north,19,0.0,12.872903225806452,768.6903225806452,13.234193548387099,92.7135483870968,0.6135483870967746
380,8,north,20,0.0,12.310967741935485,768.7935483870967,12.885161290322582,93.70109677419353,0.6729032258064517
381,8,north,21,0.0,11.876129032258065,768.8387096774194,12.540645161290323,94.34393548387094,0.7148387096774195
382,8,north,22,0.0,11.447096774193547,768.825806451613,12.156774193548385,94.54109677419355,0.7387096774193549
383,8,north,23,0.0,11.063870967741934,768.7032258064517,11.82516129032258,94.95935483870966,0.7651612903225811
384,9,city,0,0.0,11.738666666666665,777.9866666666667,12.103333333333333,96.58053333333336,0.7660000000000005
385,9,city,1,0.0,11.341333333333335,777.8866666666667,11.75466666666667,96.49940000000002,0.7733333333333338
386,9,city,2,0.0,11.090666666666667,777.8666666666667,11.440666666666667,96.07399999999998,0.7846666666666671
387,9,city,3,0.0,10.898,777.8866666666667,11.152666666666665,95.93033333333334,0.806
388,9,city,4,0.0,10.691333333333334,777.9533333333334,10.926666666666671,95.52259999999995,0.8133333333333332
389,9,city,5,0.0,10.918666666666669,778.0333333333333,10.758000000000003,93.44773333333335,0.8953333333333332
390,9,city,6,86.76,12.789999999999997,778.16,11.697333333333331,88.17113333333332,1.2906666666666662
391,9,city,7,273.12666666666667,15.19266666666667,778.24,12.302000000000005,78.78079999999997,1.6566666666666672
392,9,city,8,458.93333333333334,17.270000000000003,778.28,12.31733333333333,69.4064,1.731333333333332
393,9,city,9,558.6666666666666,18.539999999999996,778.28,12.326,63.77346666666668,1.814
394,9,city,10,595.7333333333333,19.505333333333333,778.16,12.514,60.77373333333333,1.9286666666666672
395,9,city,11,559.2066666666667,20.268,778.0266666666666,12.735333333333335,59.10479999999995,1.9919999999999998
396,9,city,12,546.7933333333333,20.413999999999998,777.8666666666667,12.824,59.084466666666714,1.982
397,9,city,13,549.0466666666666,20.02199999999999,777.7133333333334,12.906666666666665,60.88019999999998,1.923333333333333
398,9,city,14,496.00666666666666,19.255333333333333,777.6466666666666,12.943333333333328,63.936399999999985,1.8000000000000007
399,9,city,15,366.6533333333333,18.29733333333333,777.64,13.026666666666669,68.20980000000003,1.5746666666666669
400,9,city,16,209.64,17.112666666666666,777.68,13.333333333333334,74.95520000000005,1.1939999999999997
401,9,city,17,43.913333333333334,15.484666666666671,777.7866666666666,14.185999999999998,86.92373333333336,0.8186666666666661
402,9,city,18,0.0,14.456666666666663,777.8666666666667,14.216000000000001,93.11806666666668,0.7166666666666666
403,9,city,19,0.0,13.848666666666665,778.06,13.873999999999999,94.89173333333333,0.7733333333333335
404,9,city,20,0.0,13.301333333333337,778.1533333333333,13.621333333333336,95.61179999999997,0.7886666666666671
405,9,city,21,0.0,12.879999999999999,778.2,13.233333333333333,96.36013333333335,0.7866666666666666
406,9,city,22,0.0,12.443333333333332,778.1533333333333,12.909999999999998,96.30753333333334,0.7740000000000002
407,9,city,23,0.0,12.114000000000006,778.08,12.527333333333338,96.39793333333333,0.764666666666667
408,9,north,0,0.0,11.052000000000001,768.34,11.992,95.6774,0.6473333333333335
409,9,north,1,0.0,10.718,768.24,11.638,95.70720000000003,0.6713333333333331
410,9,north,2,0.0,10.412666666666667,768.2133333333334,11.310000000000002,95.57813333333335,0.7080000000000001
411,9,north,3,0.0,10.198,768.24,11.047333333333333,95.24053333333329,0.7393333333333333
412,9,north,4,0.0,10.016666666666667,768.32,10.805333333333333,94.90413333333332,0.7593333333333335
413,9,north,5,0.0,10.246666666666668,768.3866666666667,10.628666666666668,92.86160000000002,0.8606666666666662
414,9,north,6,88.26666666666667,12.072666666666665,768.4933333333333,11.534666666666665,87.54359999999997,1.1773333333333331
415,9,north,7,282.2,14.498000000000005,768.6066666666667,12.073333333333336,77.90426666666666,1.3799999999999997
416,9,north,8,487.11333333333334,16.544666666666668,768.64,12.102666666666666,68.39193333333337,1.330666666666667
417,9,north,9,563.9733333333334,17.919333333333334,768.6333333333333,11.997333333333332,62.452999999999996,1.310666666666667
418,9,north,10,582.4266666666666,18.933333333333334,768.5133333333333,12.207333333333331,59.403066666666646,1.3606666666666667
419,9,north,11,542.8666666666667,19.71333333333333,768.36,12.392666666666663,57.57553333333335,1.4106666666666665
420,9,north,12,568.1933333333334,19.902,768.2,12.554666666666668,57.54573333333334,1.4133333333333336
421,9,north,13,522.58,19.484666666666666,768.0733333333334,12.592666666666668,59.309866666666665,1.3819999999999995
422,9,north,14,479.74,18.67,768.0,12.629999999999997,62.273199999999996,1.2893333333333332
423,9,north,15,365.76666666666665,17.717333333333332,767.98,12.709333333333332,66.502,1.1039999999999999
424,9,north,16,214.06666666666666,16.53266666666667,768.0333333333333,13.036000000000003,73.10573333333332,0.8073333333333332
425,9,north,17,45.13333333333333,14.94266666666667,768.12,13.944000000000003,85.22993333333335,0.5560000000000003
426,9,north,18,0.0,13.871333333333341,768.2,14.025333333333341,91.7592,0.4893333333333334
427,9,north,19,0.0,13.202666666666667,768.4066666666666,13.722666666666667,93.67913333333328,0.5280000000000004
428,9,north,20,0.0,12.689999999999998,768.5133333333333,13.489999999999997,94.52199999999999,0.5493333333333332
429,9,north,21,0.0,12.292000000000003,768.5533333333333,13.125333333333337,95.56333333333329,0.5693333333333331
430,9,north,22,0.0,11.865999999999998,768.5266666666666,12.77933333333333,95.6572,0.5960000000000001
431,9,north,23,0.0,11.448,768.44,12.374666666666666,95.62859999999996,0.6160000000000002
432,10,city,0,0.0,12.317419354838707,777.9741935483871,13.0658064516129,97.91348387096774,0.6283870967741938
433,10,city,1,0.0,12.109032258064516,777.8903225806451,12.799354838709679,98.01064516129034,0.6258064516129033
434,10,city,2,0.0,11.887741935483868,777.8516129032258,12.584516129032256,98.04167741935485,0.6399999999999999
435,10,city,3,0.0,11.69225806451613,777.8967741935484,12.305161290322582,97.72000000000004,0.6496774193548387
436,10,city,4,0.0,11.494838709677419,777.9677419354839,12.088387096774193,97.41129032258067,0.6567741935483871
437,10,city,5,0.0,11.55483870967742,778.083870967742,11.974838709677421,96.17987096774195,0.7232258064516126
438,10,city,6,95.10322580645162,12.881290322580643,778.1870967741935,12.619354838709674,92.24503225806448,1.0522580645161284
439,10,city,7,265.458064516129,14.834193548387095,778.2903225806451,13.328387096774197,85.89574193548387,1.3303225806451602
440,10,city,8,458.47741935483873,16.57354838709678,778.3225806451613,13.377419354838713,77.56432258064514,1.364516129032258
441,10,city,9,575.0774193548388,17.85290322580645,778.3032258064516,13.274193548387096,71.16083870967746,1.3993548387096775
442,10,city,10,589.3806451612903,18.821290322580644,778.2258064516129,13.36193548387097,67.38316129032255,1.4522580645161292
443,10,city,11,554.083870967742,19.541935483870965,778.0516129032258,13.556774193548385,65.28348387096774,1.4948387096774192
444,10,city,12,540.4322580645161,19.663870967741932,777.8774193548387,13.700645161290321,65.60296774193547,1.5141935483870972
445,10,city,13,485.05806451612904,19.267096774193554,777.7354838709678,13.799354838709679,67.67335483870963,1.4935483870967736
446,10,city,14,396.1548387096774,18.538064516129037,777.6709677419354,13.89870967741935,71.10658064516127,1.3896774193548385
447,10,city,15,296.89032258064515,17.620645161290323,777.6645161290322,14.024516129032254,75.96077419354843,1.1767741935483877
448,10,city,16,160.1741935483871,16.521935483870966,777.7032258064517,14.381290322580641,82.8989677419355,0.8380645161290321
449,10,city,17,16.309677419354838,15.19612903225807,777.8,14.927096774193553,92.93980645161294,0.5419354838709678
450,10,city,18,0.0,14.457419354838708,777.8774193548387,14.76064516129032,95.81787096774194,0.48774193548387096
451,10,city,19,0.0,13.989677419354834,778.058064516129,14.49935483870967,97.06445161290324,0.5593548387096776
452,10,city,20,0.0,13.576774193548388,778.1354838709677,14.273548387096774,97.54090322580643,0.6051612903225807
453,10,city,21,0.0,13.289677419354842,778.1677419354838,13.986451612903226,98.13948387096777,0.6309677419354843
454,10,city,22,0.0,12.915483870967744,778.1548387096774,13.683225806451613,98.2612258064516,0.6387096774193552
455,10,city,23,0.0,12.612258064516132,778.0774193548388,13.392903225806455,98.19438709677421,0.6258064516129035
456,10,north,0,0.0,11.614193548387096,768.3290322580646,12.89806451612903,97.56174193548391,0.5296774193548388
457,10,north,1,0.0,11.354193548387096,768.258064516129,12.612258064516128,97.53993548387098,0.5419354838709677
458,10,north,2,0.0,11.150967741935485,768.2258064516129,12.34451612903226,97.40619354838711,0.5580645161290325
459,10,north,3,0.0,10.957419354838711,768.2516129032258,12.086451612903227,97.13400000000001,0.5670967741935484
460,10,north,4,0.0,10.770967741935486,768.341935483871,11.912903225806453,96.76419354838706,0.5812903225806451
461,10,north,5,0.0,10.830967741935485,768.4451612903226,11.727741935483872,95.62954838709673,0.6535483870967743
462,10,north,6,89.67096774193548,12.107096774193549,768.5419354838709,12.359354838709676,91.58903225806453,0.9193548387096773
463,10,north,7,283.4709677419355,14.079354838709678,768.6387096774193,13.085161290322574,85.17819354838711,1.1341935483870973
464,10,north,8,480.49032258064517,15.869677419354836,768.6967741935484,13.168387096774193,77.02593548387094,1.1361290322580644
465,10,north,9,601.4709677419355,17.13935483870968,768.6774193548387,13.073548387096775,70.56883870967742,1.1277419354838711
466,10,north,10,575.1870967741935,18.13870967741936,768.5870967741936,13.143225806451609,66.65425806451613,1.179354838709678
467,10,north,11,577.0774193548388,18.853548387096772,768.4193548387096,13.310322580645161,64.69612903225804,1.270967741935484
468,10,north,12,560.5483870967741,18.98516129032258,768.2451612903226,13.450967741935482,64.80425806451612,1.3529032258064522
469,10,north,13,506.63870967741934,18.58193548387097,768.1032258064516,13.551612903225804,66.79980645161291,1.3903225806451616
470,10,north,14,444.39354838709676,17.86387096774193,767.8903225806451,13.661290322580642,70.33006451612901,1.341290322580645
471,10,north,15,320.0774193548387,16.949677419354842,767.8645161290323,13.79548387096774,75.15051612903223,1.1677419354838707
472,10,north,16,161.61290322580646,15.81612903225806,768.0709677419355,14.106451612903228,81.91787096774195,0.843225806451613
473,10,north,17,16.73548387096774,14.49290322580645,768.1548387096774,14.66064516129032,91.77580645161287,0.5264516129032261
474,10,north,18,0.0,13.735483870967743,768.2451612903226,14.529032258064513,95.01090322580649,0.42774193548387085
475,10,north,19,0.0,13.249032258064513,768.4193548387096,14.26193548387096,96.22341935483871,0.45161290322580644
476,10,north,20,0.0,12.840000000000005,768.5032258064516,14.00129032258065,96.93419354838707,0.4793548387096779
477,10,north,21,0.0,12.517419354838715,768.5225806451613,13.762580645161298,97.38038709677419,0.4941935483870971
478,10,north,22,0.0,12.211612903225808,768.5096774193548,13.46967741935484,97.72774193548386,0.5058064516129035
479,10,north,23,0.0,11.87741935483871,768.4516129032259,13.187096774193549,97.71664516129036,0.5174193548387097
480,11,city,0,0.0,12.625333333333334,777.8666666666667,13.638666666666667,99.25640000000001,0.5966666666666668
481,11,city,1,0.0,12.460666666666663,777.7666666666667,13.387333333333329,99.16860000000001,0.5913333333333333
482,11,city,2,0.0,12.192,777.7466666666667,13.105333333333332,99.18,0.5933333333333335
483,11,city,3,0.0,12.001333333333331,777.7733333333333,12.881333333333332,98.91206666666669,0.5946666666666665
484,11,city,4,0.0,11.869333333333332,777.8333333333334,12.642666666666665,98.54273333333335,0.5979999999999999
485,11,city,5,0.0,11.902000000000003,777.9933333333333,12.561333333333337,97.74319999999997,0.639333333333333
486,11,city,6,86.71333333333334,12.918000000000001,778.0666666666667,13.037333333333335,94.8933333333333,0.9393333333333331
487,11,city,7,275.98,14.534666666666665,778.2066666666667,13.869333333333332,90.39200000000004,1.2640000000000005
488,11,city,8,475.74666666666667,15.988666666666665,778.2266666666667,14.113999999999999,83.98120000000004,1.3253333333333328
489,11,city,9,617.7266666666667,17.226666666666677,778.22,14.115333333333334,78.00959999999996,1.329333333333333
490,11,city,10,630.04,18.231333333333335,778.1133333333333,14.244,73.74579999999997,1.3540000000000003
491,11,city,11,582.28,18.933999999999997,777.96,14.462000000000002,71.47266666666667,1.3980000000000001
492,11,city,12,524.5066666666667,19.08333333333333,777.7933333333333,14.588666666666668,71.34813333333335,1.4380000000000004
493,11,city,13,455.11333333333334,18.704,777.6333333333333,14.699333333333334,73.85626666666661,1.4300000000000004
494,11,city,14,358.38,18.00666666666667,777.58,14.811999999999998,77.24380000000002,1.363333333333333
495,11,city,15,265.8466666666667,17.146000000000004,777.5533333333333,14.963333333333333,82.45853333333339,1.166
496,11,city,16,137.54666666666665,16.109999999999996,777.6,15.295333333333334,89.53546666666671,0.82
497,11,city,17,9.573333333333334,14.959999999999997,777.7133333333334,15.526666666666669,97.71753333333334,0.5100000000000002
498,11,city,18,0.0,14.394000000000002,777.7733333333333,15.260666666666669,98.7828,0.45399999999999985
499,11,city,19,0.0,14.021333333333326,777.96,15.00133333333333,98.96666666666667,0.5153333333333334
500,11,city,20,0.0,13.716000000000003,778.02,14.736,99.25093333333334,0.5773333333333336
501,11,city,21,0.0,13.427999999999997,778.0466666666666,14.461333333333329,99.2982,0.6186666666666673
502,11,city,22,0.0,13.167333333333334,778.0133333333333,14.174000000000003,99.512,0.6213333333333335
503,11,city,23,0.0,12.862000000000002,777.9333333333333,13.90866666666667,99.332,0.6093333333333336
504,11,north,0,0.0,11.863333333333333,768.22,13.383333333333333,98.74700000000001,0.4633333333333333
505,11,north,1,0.0,11.649999999999995,768.1333333333333,13.12333333333333,98.76453333333333,0.4760000000000003
506,11,north,2,0.0,11.474666666666664,768.1,12.854666666666663,98.653,0.48000000000000026
507,11,north,3,0.0,11.304666666666668,768.1533333333333,12.624666666666668,98.35039999999998,0.49066666666666664
508,11,north,4,0.0,11.111333333333336,768.22,12.518000000000002,97.89139999999999,0.4966666666666665
509,11,north,5,0.0,11.135333333333332,768.36,12.328666666666665,97.03713333333337,0.526666666666667
510,11,north,6,86.03333333333333,12.148000000000001,768.44,12.799333333333335,94.18740000000001,0.7626666666666668
511,11,north,7,281.8466666666667,13.762000000000004,768.5733333333334,13.582666666666666,89.71113333333335,1.0246666666666668
512,11,north,8,476.58666666666664,15.259999999999996,768.6133333333333,13.943999999999999,83.55173333333332,1.1046666666666671
513,11,north,9,608.7333333333333,16.48466666666667,768.5866666666667,13.964000000000002,77.36006666666663,1.1766666666666665
514,11,north,10,658.5066666666667,17.46533333333333,768.46,14.04,73.22906666666668,1.2806666666666666
515,11,north,11,584.6266666666667,18.20866666666667,768.32,14.203999999999997,70.95226666666667,1.4059999999999993
516,11,north,12,538.6666666666666,18.33,768.1466666666666,14.423333333333334,70.80126666666659,1.5139999999999998
517,11,north,13,471.86,18.026666666666667,768.0133333333333,14.54666666666667,72.97959999999999,1.5800000000000003
518,11,north,14,411.3333333333333,17.313333333333336,767.4333333333333,14.617333333333338,76.57146666666668,1.550666666666666
519,11,north,15,286.2866666666667,16.43466666666666,767.16,14.688000000000002,81.77753333333337,1.3866666666666672
520,11,north,16,139.48666666666668,15.38,767.7733333333333,15.023999999999996,88.77733333333332,1.0086666666666666
521,11,north,17,9.38,14.210666666666667,768.0733333333334,15.257333333333333,96.77753333333337,0.6346666666666667
522,11,north,18,0.0,13.704000000000002,768.1333333333333,15.037333333333336,98.19933333333334,0.5053333333333334
523,11,north,19,0.0,13.283999999999995,768.3133333333334,14.723999999999997,98.52073333333331,0.5073333333333336
524,11,north,20,0.0,12.962666666666665,768.3933333333333,14.44933333333333,98.73466666666664,0.5100000000000002
525,11,north,21,0.0,12.659333333333326,768.4066666666666,14.245999999999995,98.84299999999999,0.5066666666666668
526,11,north,22,0.0,12.426666666666668,768.3866666666667,13.92666666666667,99.13200000000002,0.4900000000000001
527,11,north,23,0.0,12.132000000000003,768.3,13.678666666666668,98.90813333333331,0.4726666666666664
528,12,city,0,0.0,12.05935483870968,777.9935483870968,12.775483870967745,98.08677419354838,0.7445161290322583
529,12,city,1,0.0,11.73032258064516,777.9032258064516,12.491612903225805,98.16793548387096,0.7522580645161289
530,12,city,2,0.0,11.478064516129036,777.8709677419355,12.252258064516132,98.01748387096777,0.7761290322580647
531,12,city,3,0.0,11.265161290322581,777.9225806451612,11.89741935483871,97.82870967741937,0.8032258064516128
532,12,city,4,0.0,11.090322580645164,778.0,11.677419354838712,97.73845161290323,0.814838709677419
533,12,city,5,0.0,11.141290322580643,778.1354838709677,11.579999999999998,96.76916129032256,0.8722580645161288
534,12,city,6,69.2258064516129,12.47032258064516,778.2903225806451,12.120645161290321,92.11683870967745,1.2974193548387096
535,12,city,7,252.92903225806452,14.516774193548386,778.3548387096774,12.676129032258068,84.50187096774194,1.7722580645161283
536,12,city,8,455.18064516129033,16.30967741935484,778.3870967741935,12.764516129032257,76.01548387096774,1.8341935483870968
537,12,city,9,601.5483870967741,17.63741935483871,778.3548387096774,12.772903225806454,70.0152903225807,1.7270967741935497
538,12,city,10,674.341935483871,18.621935483870967,778.2322580645161,12.98258064516129,66.59309677419357,1.620645161290323
539,12,city,11,694.1290322580645,19.431612903225805,778.083870967742,13.228387096774194,64.35961290322584,1.5464516129032257
540,12,city,12,644.3548387096774,19.772903225806452,777.9290322580645,13.456129032258067,64.14954838709681,1.4993548387096776
541,12,city,13,562.9096774193548,19.4825806451613,777.8,13.614193548387098,65.8776129032258,1.458709677419355
542,12,city,14,421.51612903225805,18.809677419354838,777.7096774193549,13.687741935483873,69.10019354838708,1.3896774193548385
543,12,city,15,325.2064516129032,17.869032258064525,777.7225806451613,13.774838709677418,73.77245161290324,1.236129032258064
544,12,city,16,180.0258064516129,16.652903225806444,777.8064516129032,14.077419354838703,80.99174193548392,0.9277419354838712
545,12,city,17,27.89032258064516,15.101290322580653,777.9096774193548,14.80903225806452,92.83258064516126,0.6458064516129035
546,12,city,18,0.0,14.36451612903226,777.9483870967742,14.521935483870969,95.24696774193549,0.6045161290322583
547,12,city,19,0.0,13.773548387096778,778.1354838709677,14.17354838709678,96.52954838709677,0.6793548387096775
548,12,city,20,0.0,13.313548387096777,778.2064516129033,13.9458064516129,97.42838709677417,0.7283870967741931
549,12,city,21,0.0,12.930322580645159,778.2129032258065,13.652903225806448,97.63606451612904,0.7470967741935485
550,12,city,22,0.0,12.643870967741936,778.1677419354838,13.360000000000001,97.84619354838709,0.7535483870967742
551,12,city,23,0.0,12.343225806451615,778.083870967742,13.085161290322583,98.01819354838709,0.7541935483870971
552,12,north,0,0.0,11.334838709677419,768.3483870967742,12.560645161290322,97.55161290322579,0.5993548387096773
553,12,north,1,0.0,11.063870967741932,768.2516129032258,12.276774193548384,97.67916129032258,0.6141935483870968
554,12,north,2,0.0,10.74,768.2258064516129,12.04967741935484,97.38838709677418,0.6412903225806449
555,12,north,3,0.0,10.539354838709679,768.2838709677419,11.720000000000002,97.19361290322583,0.6670967741935484
556,12,north,4,0.0,10.298709677419351,768.3677419354839,11.466451612903223,96.91251612903227,0.6896774193548387
557,12,north,5,0.0,10.360645161290327,768.4967741935484,11.3541935483871,95.75838709677419,0.7587096774193552
558,12,north,6,63.07741935483871,11.724516129032258,768.5870967741936,11.885806451612904,91.29677419354837,1.0967741935483872
559,12,north,7,255.4967741935484,13.792258064516128,768.7290322580645,12.478709677419353,83.69148387096774,1.4458064516129028
560,12,north,8,464.741935483871,15.601290322580642,768.7612903225806,12.525806451612906,75.18412903225804,1.4445161290322586
561,12,north,9,611.4193548387096,16.926451612903225,768.6967741935484,12.569677419354838,69.23451612903226,1.3496774193548389
562,12,north,10,648.7870967741935,17.958709677419353,768.5935483870968,12.796774193548384,65.71916129032262,1.2877419354838708
563,12,north,11,678.0258064516129,18.738709677419358,768.4451612903226,12.999354838709676,63.422193548387064,1.2903225806451615
564,12,north,12,633.6258064516129,19.127741935483865,768.2709677419355,13.19290322580645,63.05425806451614,1.3174193548387094
565,12,north,13,605.2645161290322,18.878064516129033,767.9612903225807,13.32709677419355,64.82716129032255,1.348387096774193
566,12,north,14,462.98709677419356,18.1741935483871,767.7290322580645,13.398064516129034,67.91503225806449,1.3419354838709667
567,12,north,15,331.3677419354839,17.214193548387097,767.6129032258065,13.544516129032258,72.4633548387097,1.237419354838709
568,12,north,16,177.76129032258063,15.967741935483868,767.8774193548387,13.827096774193553,79.7337419354839,0.9296774193548383
569,12,north,17,27.65806451612903,14.41354838709678,768.2387096774194,14.52451612903225,91.74522580645164,0.6058064516129034
570,12,north,18,0.0,13.629032258064516,768.3161290322581,14.260000000000003,94.39045161290322,0.5283870967741937
571,12,north,19,0.0,13.007741935483875,768.4903225806452,13.99483870967742,95.66393548387097,0.545806451612903
572,12,north,20,0.0,12.652258064516127,768.5741935483871,13.703870967741935,96.57270967741938,0.5587096774193548
573,12,north,21,0.0,12.246451612903227,768.5741935483871,13.452903225806454,97.04819354838708,0.5683870967741933
574,12,north,22,0.0,11.918709677419354,768.5354838709677,13.183225806451611,97.19187096774196,0.5729032258064516
575,12,north,23,0.0,11.5941935483871,768.4580645161291,12.865161290322584,97.49503225806453,0.5799999999999998
